"Id","Code","Name","CurveFamily","RateType","Segment","RateUnit","Provider"
1,GlcNominalSpotCurve,UK nominal spot curve,Nominal,Spot,Long,Percent,Bank of England
2,GlcNominalSpotShortEnd,"UK nominal spot curve, short end",Nominal,Spot,ShortEnd,Percent,Bank of England
3,GlcNominalFwdCurve,UK instantaneous nominal forward curve,Nominal,Forward,Long,Percent,Bank of England
4,GlcNominalFwdsShortEnd,"UK instantaneous nominal forward curve, short end",Nominal,Forward,ShortEnd,Percent,Bank of England
5,GlcRealSpotCurve,UK implied real spot curve,Real,Spot,Long,Percent,Bank of England
6,GlcRealSpotShortEnd,"UK implied real spot curve, short end",Real,Spot,ShortEnd,Percent,Bank of England
7,GlcRealFwdCurve,UK instantaneous implied real forward curve,Real,Forward,Long,Percent,Bank of England
8,GlcRealFwdsShortEnd,"UK instantaneous implied forward real rates, short end",Real,Forward,ShortEnd,Percent,Bank of England
9,GlcInflationSpotCurve,UK implied inflation spot curve,Inflation,Spot,Long,Percent,Bank of England
10,GlcInflationSpotShortEnd,"UK implied inflation spot curve, short end",Inflation,Spot,ShortEnd,Percent,Bank of England
11,GlcInflationFwdCurve,UK instantaneous implied inflation forward curve,Inflation,Forward,Long,Percent,Bank of England
12,GlcInflationFwdsShortEnd,"UK instantaneous implied forward inflation rates, short end",Inflation,Forward,ShortEnd,Percent,Bank of England
13,OisSpotCurve,UK OIS spot curve,OIS,Spot,Long,Percent,Bank of England
14,OisSpotShortEnd,"UK OIS spot curve, short end",OIS,Spot,ShortEnd,Percent,Bank of England
15,OisFwdCurve,UK instantaneous OIS forward curve,OIS,Forward,Long,Percent,Bank of England
16,OisFwdsShortEnd,"UK instantaneous OIS forward curve, short end",OIS,Forward,ShortEnd,Percent,Bank of England
