"Id","YieldCurveId","SourceColumnName","TenorMonths","TenorYears","TenorLabel"
1,1,Years0_5,6,0.5000,"0.5Y"
2,1,Years1,12,1.0000,"1Y"
3,1,Years1_5,18,1.5000,"1.5Y"
4,1,Years2,24,2.0000,"2Y"
5,1,Years2_5,30,2.5000,"2.5Y"
6,1,Years3,36,3.0000,"3Y"
7,1,Years3_5,42,3.5000,"3.5Y"
8,1,Years4,48,4.0000,"4Y"
9,1,Years4_5,54,4.5000,"4.5Y"
10,1,Years5,60,5.0000,"5Y"
11,1,Years5_5,66,5.5000,"5.5Y"
12,1,Years6,72,6.0000,"6Y"
13,1,Years6_5,78,6.5000,"6.5Y"
14,1,Years7,84,7.0000,"7Y"
15,1,Years7_5,90,7.5000,"7.5Y"
16,1,Years8,96,8.0000,"8Y"
17,1,Years8_5,102,8.5000,"8.5Y"
18,1,Years9,108,9.0000,"9Y"
19,1,Years9_5,114,9.5000,"9.5Y"
20,1,Years10,120,10.0000,"10Y"
21,1,Years10_5,126,10.5000,"10.5Y"
22,1,Years11,132,11.0000,"11Y"
23,1,Years11_5,138,11.5000,"11.5Y"
24,1,Years12,144,12.0000,"12Y"
25,1,Years12_5,150,12.5000,"12.5Y"
26,1,Years13,156,13.0000,"13Y"
27,1,Years13_5,162,13.5000,"13.5Y"
28,1,Years14,168,14.0000,"14Y"
29,1,Years14_5,174,14.5000,"14.5Y"
30,1,Years15,180,15.0000,"15Y"
31,1,Years15_5,186,15.5000,"15.5Y"
32,1,Years16,192,16.0000,"16Y"
33,1,Years16_5,198,16.5000,"16.5Y"
34,1,Years17,204,17.0000,"17Y"
35,1,Years17_5,210,17.5000,"17.5Y"
36,1,Years18,216,18.0000,"18Y"
37,1,Years18_5,222,18.5000,"18.5Y"
38,1,Years19,228,19.0000,"19Y"
39,1,Years19_5,234,19.5000,"19.5Y"
40,1,Years20,240,20.0000,"20Y"
41,1,Years20_5,246,20.5000,"20.5Y"
42,1,Years21,252,21.0000,"21Y"
43,1,Years21_5,258,21.5000,"21.5Y"
44,1,Years22,264,22.0000,"22Y"
45,1,Years22_5,270,22.5000,"22.5Y"
46,1,Years23,276,23.0000,"23Y"
47,1,Years23_5,282,23.5000,"23.5Y"
48,1,Years24,288,24.0000,"24Y"
49,1,Years24_5,294,24.5000,"24.5Y"
50,1,Years25,300,25.0000,"25Y"
51,1,Years25_5,306,25.5000,"25.5Y"
52,1,Years26,312,26.0000,"26Y"
53,1,Years26_5,318,26.5000,"26.5Y"
54,1,Years27,324,27.0000,"27Y"
55,1,Years27_5,330,27.5000,"27.5Y"
56,1,Years28,336,28.0000,"28Y"
57,1,Years28_5,342,28.5000,"28.5Y"
58,1,Years29,348,29.0000,"29Y"
59,1,Years29_5,354,29.5000,"29.5Y"
60,1,Years30,360,30.0000,"30Y"
61,1,Years30_5,366,30.5000,"30.5Y"
62,1,Years31,372,31.0000,"31Y"
63,1,Years31_5,378,31.5000,"31.5Y"
64,1,Years32,384,32.0000,"32Y"
65,1,Years32_5,390,32.5000,"32.5Y"
66,1,Years33,396,33.0000,"33Y"
67,1,Years33_5,402,33.5000,"33.5Y"
68,1,Years34,408,34.0000,"34Y"
69,1,Years34_5,414,34.5000,"34.5Y"
70,1,Years35,420,35.0000,"35Y"
71,1,Years35_5,426,35.5000,"35.5Y"
72,1,Years36,432,36.0000,"36Y"
73,1,Years36_5,438,36.5000,"36.5Y"
74,1,Years37,444,37.0000,"37Y"
75,1,Years37_5,450,37.5000,"37.5Y"
76,1,Years38,456,38.0000,"38Y"
77,1,Years38_5,462,38.5000,"38.5Y"
78,1,Years39,468,39.0000,"39Y"
79,1,Years39_5,474,39.5000,"39.5Y"
80,1,Years40,480,40.0000,"40Y"
81,2,Months1,1,0.0833,"1M"
82,2,Months2,2,0.1667,"2M"
83,2,Months3,3,0.2500,"3M"
84,2,Months4,4,0.3333,"4M"
85,2,Months5,5,0.4167,"5M"
86,2,Months6,6,0.5000,"6M"
87,2,Months7,7,0.5833,"7M"
88,2,Months8,8,0.6667,"8M"
89,2,Months9,9,0.7500,"9M"
90,2,Months10,10,0.8333,"10M"
91,2,Months11,11,0.9167,"11M"
92,2,Months12,12,1.0000,"1Y"
93,2,Months13,13,1.0833,"13M"
94,2,Months14,14,1.1667,"14M"
95,2,Months15,15,1.2500,"15M"
96,2,Months16,16,1.3333,"16M"
97,2,Months17,17,1.4167,"17M"
98,2,Months18,18,1.5000,"18M"
99,2,Months19,19,1.5833,"19M"
100,2,Months20,20,1.6667,"20M"
101,2,Months21,21,1.7500,"21M"
102,2,Months22,22,1.8333,"22M"
103,2,Months23,23,1.9167,"23M"
104,2,Months24,24,2.0000,"2Y"
105,2,Months25,25,2.0833,"25M"
106,2,Months26,26,2.1667,"26M"
107,2,Months27,27,2.2500,"27M"
108,2,Months28,28,2.3333,"28M"
109,2,Months29,29,2.4167,"29M"
110,2,Months30,30,2.5000,"30M"
111,2,Months31,31,2.5833,"31M"
112,2,Months32,32,2.6667,"32M"
113,2,Months33,33,2.7500,"33M"
114,2,Months34,34,2.8333,"34M"
115,2,Months35,35,2.9167,"35M"
116,2,Months36,36,3.0000,"3Y"
117,2,Months37,37,3.0833,"37M"
118,2,Months38,38,3.1667,"38M"
119,2,Months39,39,3.2500,"39M"
120,2,Months40,40,3.3333,"40M"
121,2,Months41,41,3.4167,"41M"
122,2,Months42,42,3.5000,"42M"
123,2,Months43,43,3.5833,"43M"
124,2,Months44,44,3.6667,"44M"
125,2,Months45,45,3.7500,"45M"
126,2,Months46,46,3.8333,"46M"
127,2,Months47,47,3.9167,"47M"
128,2,Months48,48,4.0000,"4Y"
129,2,Months49,49,4.0833,"49M"
130,2,Months50,50,4.1667,"50M"
131,2,Months51,51,4.2500,"51M"
132,2,Months52,52,4.3333,"52M"
133,2,Months53,53,4.4167,"53M"
134,2,Months54,54,4.5000,"54M"
135,2,Months55,55,4.5833,"55M"
136,2,Months56,56,4.6667,"56M"
137,2,Months57,57,4.7500,"57M"
138,2,Months58,58,4.8333,"58M"
139,2,Months59,59,4.9167,"59M"
140,2,Months60,60,5.0000,"5Y"
141,3,Years0_5,6,0.5000,"0.5Y"
142,3,Years1,12,1.0000,"1Y"
143,3,Years1_5,18,1.5000,"1.5Y"
144,3,Years2,24,2.0000,"2Y"
145,3,Years2_5,30,2.5000,"2.5Y"
146,3,Years3,36,3.0000,"3Y"
147,3,Years3_5,42,3.5000,"3.5Y"
148,3,Years4,48,4.0000,"4Y"
149,3,Years4_5,54,4.5000,"4.5Y"
150,3,Years5,60,5.0000,"5Y"
151,3,Years5_5,66,5.5000,"5.5Y"
152,3,Years6,72,6.0000,"6Y"
153,3,Years6_5,78,6.5000,"6.5Y"
154,3,Years7,84,7.0000,"7Y"
155,3,Years7_5,90,7.5000,"7.5Y"
156,3,Years8,96,8.0000,"8Y"
157,3,Years8_5,102,8.5000,"8.5Y"
158,3,Years9,108,9.0000,"9Y"
159,3,Years9_5,114,9.5000,"9.5Y"
160,3,Years10,120,10.0000,"10Y"
161,3,Years10_5,126,10.5000,"10.5Y"
162,3,Years11,132,11.0000,"11Y"
163,3,Years11_5,138,11.5000,"11.5Y"
164,3,Years12,144,12.0000,"12Y"
165,3,Years12_5,150,12.5000,"12.5Y"
166,3,Years13,156,13.0000,"13Y"
167,3,Years13_5,162,13.5000,"13.5Y"
168,3,Years14,168,14.0000,"14Y"
169,3,Years14_5,174,14.5000,"14.5Y"
170,3,Years15,180,15.0000,"15Y"
171,3,Years15_5,186,15.5000,"15.5Y"
172,3,Years16,192,16.0000,"16Y"
173,3,Years16_5,198,16.5000,"16.5Y"
174,3,Years17,204,17.0000,"17Y"
175,3,Years17_5,210,17.5000,"17.5Y"
176,3,Years18,216,18.0000,"18Y"
177,3,Years18_5,222,18.5000,"18.5Y"
178,3,Years19,228,19.0000,"19Y"
179,3,Years19_5,234,19.5000,"19.5Y"
180,3,Years20,240,20.0000,"20Y"
181,3,Years20_5,246,20.5000,"20.5Y"
182,3,Years21,252,21.0000,"21Y"
183,3,Years21_5,258,21.5000,"21.5Y"
184,3,Years22,264,22.0000,"22Y"
185,3,Years22_5,270,22.5000,"22.5Y"
186,3,Years23,276,23.0000,"23Y"
187,3,Years23_5,282,23.5000,"23.5Y"
188,3,Years24,288,24.0000,"24Y"
189,3,Years24_5,294,24.5000,"24.5Y"
190,3,Years25,300,25.0000,"25Y"
191,3,Years25_5,306,25.5000,"25.5Y"
192,3,Years26,312,26.0000,"26Y"
193,3,Years26_5,318,26.5000,"26.5Y"
194,3,Years27,324,27.0000,"27Y"
195,3,Years27_5,330,27.5000,"27.5Y"
196,3,Years28,336,28.0000,"28Y"
197,3,Years28_5,342,28.5000,"28.5Y"
198,3,Years29,348,29.0000,"29Y"
199,3,Years29_5,354,29.5000,"29.5Y"
200,3,Years30,360,30.0000,"30Y"
