"Id","YieldCurveTenorId","ObservationDate","Rate","Woid","SourceRowId","LastChangedUserId","ValidFrom","ValidTo"
1,693,2026-09-29,3.55752926323083,"0d41a44498814111bcce69d60f7a823a",26,Linx,2026-10-02 14:31:07.104,infinity
2,693,2026-09-28,3.61769375112840,"0d41a44498814111bcce69d60f7a823a",25,Linx,2026-10-02 14:31:07.115,infinity
3,693,2026-09-25,3.57557413164773,"0d41a44498814111bcce69d60f7a823a",24,Linx,2026-10-02 14:31:07.116,infinity
4,693,2026-09-24,3.62894813521309,"0d41a44498814111bcce69d60f7a823a",23,Linx,2026-10-02 14:31:07.116,infinity
5,693,2026-09-23,3.56905372142972,"0d41a44498814111bcce69d60f7a823a",22,Linx,2026-10-02 14:31:07.116,infinity
6,693,2026-09-22,3.51190819787090,"0d41a44498814111bcce69d60f7a823a",21,Linx,2026-10-02 14:31:07.116,infinity
7,693,2026-09-21,3.54216716228234,"0d41a44498814111bcce69d60f7a823a",20,Linx,2026-10-02 14:31:07.116,infinity
8,693,2026-09-18,3.61987409456868,"0d41a44498814111bcce69d60f7a823a",19,Linx,2026-10-02 14:31:07.116,infinity
9,693,2026-09-17,3.56443469452230,"0d41a44498814111bcce69d60f7a823a",18,Linx,2026-10-02 14:31:07.116,infinity
10,693,2026-09-16,3.57537401813560,"0d41a44498814111bcce69d60f7a823a",17,Linx,2026-10-02 14:31:07.116,infinity
11,693,2026-09-15,3.60684683853935,"0d41a44498814111bcce69d60f7a823a",16,Linx,2026-10-02 14:31:07.116,infinity
12,693,2026-09-14,3.63863339677160,"0d41a44498814111bcce69d60f7a823a",15,Linx,2026-10-02 14:31:07.116,infinity
13,693,2026-09-11,3.61253625366648,"0d41a44498814111bcce69d60f7a823a",14,Linx,2026-10-02 14:31:07.116,infinity
14,693,2026-09-10,3.62923629078038,"0d41a44498814111bcce69d60f7a823a",13,Linx,2026-10-02 14:31:07.116,infinity
15,693,2026-09-09,3.56122579861012,"0d41a44498814111bcce69d60f7a823a",12,Linx,2026-10-02 14:31:07.116,infinity
16,693,2026-09-08,3.52989368276071,"0d41a44498814111bcce69d60f7a823a",11,Linx,2026-10-02 14:31:07.116,infinity
17,693,2026-09-07,3.54582213073779,"0d41a44498814111bcce69d60f7a823a",10,Linx,2026-10-02 14:31:07.116,infinity
18,693,2026-09-04,3.51456861568208,"0d41a44498814111bcce69d60f7a823a",9,Linx,2026-10-02 14:31:07.116,infinity
19,693,2026-09-03,3.53884299054513,"0d41a44498814111bcce69d60f7a823a",8,Linx,2026-10-02 14:31:07.116,infinity
20,693,2026-09-02,3.57926574396466,"0d41a44498814111bcce69d60f7a823a",7,Linx,2026-10-02 14:31:07.116,infinity
21,693,2026-09-01,3.53167403436382,"0d41a44498814111bcce69d60f7a823a",6,Linx,2026-10-02 14:31:07.116,infinity
22,694,2026-09-29,3.53420407760201,"0d41a44498814111bcce69d60f7a823a",26,Linx,2026-10-02 14:31:07.116,infinity
23,694,2026-09-28,3.59187428142612,"0d41a44498814111bcce69d60f7a823a",25,Linx,2026-10-02 14:31:07.116,infinity
24,694,2026-09-25,3.55053381732452,"0d41a44498814111bcce69d60f7a823a",24,Linx,2026-10-02 14:31:07.116,infinity
25,694,2026-09-24,3.60253822218564,"0d41a44498814111bcce69d60f7a823a",23,Linx,2026-10-02 14:31:07.116,infinity
26,694,2026-09-23,3.54354922011039,"0d41a44498814111bcce69d60f7a823a",22,Linx,2026-10-02 14:31:07.116,infinity
27,694,2026-09-22,3.48826524095940,"0d41a44498814111bcce69d60f7a823a",21,Linx,2026-10-02 14:31:07.116,infinity
28,694,2026-09-21,3.51753059075796,"0d41a44498814111bcce69d60f7a823a",20,Linx,2026-10-02 14:31:07.116,infinity
29,694,2026-09-18,3.59242610981920,"0d41a44498814111bcce69d60f7a823a",19,Linx,2026-10-02 14:31:07.116,infinity
30,694,2026-09-17,3.53880126485378,"0d41a44498814111bcce69d60f7a823a",18,Linx,2026-10-02 14:31:07.117,infinity
31,694,2026-09-16,3.54887625957359,"0d41a44498814111bcce69d60f7a823a",17,Linx,2026-10-02 14:31:07.117,infinity
32,694,2026-09-15,3.58110352049436,"0d41a44498814111bcce69d60f7a823a",16,Linx,2026-10-02 14:31:07.117,infinity
33,694,2026-09-14,3.61070088652202,"0d41a44498814111bcce69d60f7a823a",15,Linx,2026-10-02 14:31:07.117,infinity
34,694,2026-09-11,3.58614843689404,"0d41a44498814111bcce69d60f7a823a",14,Linx,2026-10-02 14:31:07.117,infinity
35,694,2026-09-10,3.60162743667152,"0d41a44498814111bcce69d60f7a823a",13,Linx,2026-10-02 14:31:07.117,infinity
36,694,2026-09-09,3.53476222425446,"0d41a44498814111bcce69d60f7a823a",12,Linx,2026-10-02 14:31:07.117,infinity
37,694,2026-09-08,3.50517361682343,"0d41a44498814111bcce69d60f7a823a",11,Linx,2026-10-02 14:31:07.117,infinity
38,694,2026-09-07,3.52144042562537,"0d41a44498814111bcce69d60f7a823a",10,Linx,2026-10-02 14:31:07.117,infinity
39,694,2026-09-04,3.49177757882946,"0d41a44498814111bcce69d60f7a823a",9,Linx,2026-10-02 14:31:07.117,infinity
40,694,2026-09-03,3.51521266547766,"0d41a44498814111bcce69d60f7a823a",8,Linx,2026-10-02 14:31:07.117,infinity
41,694,2026-09-02,3.55450785314840,"0d41a44498814111bcce69d60f7a823a",7,Linx,2026-10-02 14:31:07.117,infinity
42,694,2026-09-01,3.50737835138692,"0d41a44498814111bcce69d60f7a823a",6,Linx,2026-10-02 14:31:07.117,infinity
43,695,2026-09-29,3.51197930428396,"0d41a44498814111bcce69d60f7a823a",26,Linx,2026-10-02 14:31:07.117,infinity
44,695,2026-09-28,3.56733714236048,"0d41a44498814111bcce69d60f7a823a",25,Linx,2026-10-02 14:31:07.117,infinity
45,695,2026-09-25,3.52691692464400,"0d41a44498814111bcce69d60f7a823a",24,Linx,2026-10-02 14:31:07.117,infinity
46,695,2026-09-24,3.57764673064326,"0d41a44498814111bcce69d60f7a823a",23,Linx,2026-10-02 14:31:07.117,infinity
47,695,2026-09-23,3.51956254263171,"0d41a44498814111bcce69d60f7a823a",22,Linx,2026-10-02 14:31:07.117,infinity
48,695,2026-09-22,3.46612144160238,"0d41a44498814111bcce69d60f7a823a",21,Linx,2026-10-02 14:31:07.117,infinity
49,695,2026-09-21,3.49441076348262,"0d41a44498814111bcce69d60f7a823a",20,Linx,2026-10-02 14:31:07.117,infinity
50,695,2026-09-18,3.56661185875766,"0d41a44498814111bcce69d60f7a823a",19,Linx,2026-10-02 14:31:07.117,infinity
51,695,2026-09-17,3.51467913099067,"0d41a44498814111bcce69d60f7a823a",18,Linx,2026-10-02 14:31:07.117,infinity
52,695,2026-09-16,3.52381820994042,"0d41a44498814111bcce69d60f7a823a",17,Linx,2026-10-02 14:31:07.117,infinity
53,695,2026-09-15,3.55664559520831,"0d41a44498814111bcce69d60f7a823a",16,Linx,2026-10-02 14:31:07.117,infinity
54,695,2026-09-14,3.58405982383696,"0d41a44498814111bcce69d60f7a823a",15,Linx,2026-10-02 14:31:07.117,infinity
55,695,2026-09-11,3.56097943835590,"0d41a44498814111bcce69d60f7a823a",14,Linx,2026-10-02 14:31:07.117,infinity
56,695,2026-09-10,3.57542478049193,"0d41a44498814111bcce69d60f7a823a",13,Linx,2026-10-02 14:31:07.117,infinity
57,695,2026-09-09,3.50962127668263,"0d41a44498814111bcce69d60f7a823a",12,Linx,2026-10-02 14:31:07.117,infinity
58,695,2026-09-08,3.48171111004623,"0d41a44498814111bcce69d60f7a823a",11,Linx,2026-10-02 14:31:07.117,infinity
59,695,2026-09-07,3.49825960812181,"0d41a44498814111bcce69d60f7a823a",10,Linx,2026-10-02 14:31:07.117,infinity
60,695,2026-09-04,3.47009916704771,"0d41a44498814111bcce69d60f7a823a",9,Linx,2026-10-02 14:31:07.117,infinity
61,695,2026-09-03,3.49276205469658,"0d41a44498814111bcce69d60f7a823a",8,Linx,2026-10-02 14:31:07.117,infinity
62,695,2026-09-02,3.53091379348495,"0d41a44498814111bcce69d60f7a823a",7,Linx,2026-10-02 14:31:07.117,infinity
63,695,2026-09-01,3.48422001825831,"0d41a44498814111bcce69d60f7a823a",6,Linx,2026-10-02 14:31:07.117,infinity
64,696,2026-09-29,3.49035777603735,"0d41a44498814111bcce69d60f7a823a",26,Linx,2026-10-02 14:31:07.117,infinity
65,696,2026-09-28,3.54354820618125,"0d41a44498814111bcce69d60f7a823a",25,Linx,2026-10-02 14:31:07.117,infinity
66,696,2026-09-25,3.50417864425018,"0d41a44498814111bcce69d60f7a823a",24,Linx,2026-10-02 14:31:07.117,infinity
67,696,2026-09-24,3.55366595295464,"0d41a44498814111bcce69d60f7a823a",23,Linx,2026-10-02 14:31:07.117,infinity
68,696,2026-09-23,3.49649602403899,"0d41a44498814111bcce69d60f7a823a",22,Linx,2026-10-02 14:31:07.117,infinity
69,696,2026-09-22,3.44488234435231,"0d41a44498814111bcce69d60f7a823a",21,Linx,2026-10-02 14:31:07.117,infinity
70,696,2026-09-21,3.47221344894558,"0d41a44498814111bcce69d60f7a823a",20,Linx,2026-10-02 14:31:07.117,infinity
71,696,2026-09-18,3.54180823835210,"0d41a44498814111bcce69d60f7a823a",19,Linx,2026-10-02 14:31:07.117,infinity
72,696,2026-09-17,3.49146994550374,"0d41a44498814111bcce69d60f7a823a",18,Linx,2026-10-02 14:31:07.118,infinity
73,696,2026-09-16,3.49962314270480,"0d41a44498814111bcce69d60f7a823a",17,Linx,2026-10-02 14:31:07.118,infinity
74,696,2026-09-15,3.53291581906337,"0d41a44498814111bcce69d60f7a823a",16,Linx,2026-10-02 14:31:07.118,infinity
75,696,2026-09-14,3.55817077154084,"0d41a44498814111bcce69d60f7a823a",15,Linx,2026-10-02 14:31:07.118,infinity
76,696,2026-09-11,3.53651884853683,"0d41a44498814111bcce69d60f7a823a",14,Linx,2026-10-02 14:31:07.118,infinity
77,696,2026-09-10,3.55007995926816,"0d41a44498814111bcce69d60f7a823a",13,Linx,2026-10-02 14:31:07.118,infinity
78,696,2026-09-09,3.48530034037748,"0d41a44498814111bcce69d60f7a823a",12,Linx,2026-10-02 14:31:07.118,infinity
79,696,2026-09-08,3.45902640286241,"0d41a44498814111bcce69d60f7a823a",11,Linx,2026-10-02 14:31:07.118,infinity
80,696,2026-09-07,3.47581516788875,"0d41a44498814111bcce69d60f7a823a",10,Linx,2026-10-02 14:31:07.118,infinity
81,696,2026-09-04,3.44908030282027,"0d41a44498814111bcce69d60f7a823a",9,Linx,2026-10-02 14:31:07.118,infinity
82,696,2026-09-03,3.47103664255915,"0d41a44498814111bcce69d60f7a823a",8,Linx,2026-10-02 14:31:07.118,infinity
83,696,2026-09-02,3.50804320842942,"0d41a44498814111bcce69d60f7a823a",7,Linx,2026-10-02 14:31:07.118,infinity
84,696,2026-09-01,3.46178170399151,"0d41a44498814111bcce69d60f7a823a",6,Linx,2026-10-02 14:31:07.118,infinity
85,697,2026-09-29,3.46929950785001,"0d41a44498814111bcce69d60f7a823a",26,Linx,2026-10-02 14:31:07.118,infinity
86,697,2026-09-28,3.52045050738268,"0d41a44498814111bcce69d60f7a823a",25,Linx,2026-10-02 14:31:07.118,infinity
87,697,2026-09-25,3.48224451307401,"0d41a44498814111bcce69d60f7a823a",24,Linx,2026-10-02 14:31:07.118,infinity
88,697,2026-09-24,3.53047940047689,"0d41a44498814111bcce69d60f7a823a",23,Linx,2026-10-02 14:31:07.118,infinity
89,697,2026-09-23,3.47422345378698,"0d41a44498814111bcce69d60f7a823a",22,Linx,2026-10-02 14:31:07.118,infinity
90,697,2026-09-22,3.42440783482550,"0d41a44498814111bcce69d60f7a823a",21,Linx,2026-10-02 14:31:07.118,infinity
91,697,2026-09-21,3.45079155825952,"0d41a44498814111bcce69d60f7a823a",20,Linx,2026-10-02 14:31:07.118,infinity
92,697,2026-09-18,3.51785909476100,"0d41a44498814111bcce69d60f7a823a",19,Linx,2026-10-02 14:31:07.118,infinity
93,697,2026-09-17,3.46899981548554,"0d41a44498814111bcce69d60f7a823a",18,Linx,2026-10-02 14:31:07.118,infinity
94,697,2026-09-16,3.47612218799831,"0d41a44498814111bcce69d60f7a823a",17,Linx,2026-10-02 14:31:07.118,infinity
95,697,2026-09-15,3.50974816387902,"0d41a44498814111bcce69d60f7a823a",16,Linx,2026-10-02 14:31:07.118,infinity
96,697,2026-09-14,3.53287366965194,"0d41a44498814111bcce69d60f7a823a",15,Linx,2026-10-02 14:31:07.118,infinity
97,697,2026-09-11,3.51260018324048,"0d41a44498814111bcce69d60f7a823a",14,Linx,2026-10-02 14:31:07.118,infinity
98,697,2026-09-10,3.52535984994061,"0d41a44498814111bcce69d60f7a823a",13,Linx,2026-10-02 14:31:07.119,infinity
99,697,2026-09-09,3.46157461215031,"0d41a44498814111bcce69d60f7a823a",12,Linx,2026-10-02 14:31:07.119,infinity
100,697,2026-09-08,3.43688717572455,"0d41a44498814111bcce69d60f7a823a",11,Linx,2026-10-02 14:31:07.119,infinity
101,697,2026-09-07,3.45387224899240,"0d41a44498814111bcce69d60f7a823a",10,Linx,2026-10-02 14:31:07.119,infinity
102,697,2026-09-04,3.42848147664027,"0d41a44498814111bcce69d60f7a823a",9,Linx,2026-10-02 14:31:07.119,infinity
103,697,2026-09-03,3.44976994238526,"0d41a44498814111bcce69d60f7a823a",8,Linx,2026-10-02 14:31:07.119,infinity
104,697,2026-09-02,3.48563230243357,"0d41a44498814111bcce69d60f7a823a",7,Linx,2026-10-02 14:31:07.119,infinity
105,697,2026-09-01,3.43980626225169,"0d41a44498814111bcce69d60f7a823a",6,Linx,2026-10-02 14:31:07.119,infinity
106,698,2026-09-29,3.44879937207485,"0d41a44498814111bcce69d60f7a823a",26,Linx,2026-10-02 14:31:07.119,infinity
107,698,2026-09-28,3.49803424057747,"0d41a44498814111bcce69d60f7a823a",25,Linx,2026-10-02 14:31:07.119,infinity
108,698,2026-09-25,3.46109829837741,"0d41a44498814111bcce69d60f7a823a",24,Linx,2026-10-02 14:31:07.119,infinity
109,698,2026-09-24,3.50806518338510,"0d41a44498814111bcce69d60f7a823a",23,Linx,2026-10-02 14:31:07.119,infinity
110,698,2026-09-23,3.45271904447119,"0d41a44498814111bcce69d60f7a823a",22,Linx,2026-10-02 14:31:07.119,infinity
111,698,2026-09-22,3.40466516094078,"0d41a44498814111bcce69d60f7a823a",21,Linx,2026-10-02 14:31:07.119,infinity
112,698,2026-09-21,3.43011277307042,"0d41a44498814111bcce69d60f7a823a",20,Linx,2026-10-02 14:31:07.119,infinity
113,698,2026-09-18,3.49473657168448,"0d41a44498814111bcce69d60f7a823a",19,Linx,2026-10-02 14:31:07.119,infinity
114,698,2026-09-17,3.44725037935327,"0d41a44498814111bcce69d60f7a823a",18,Linx,2026-10-02 14:31:07.119,infinity
115,698,2026-09-16,3.45331122848461,"0d41a44498814111bcce69d60f7a823a",17,Linx,2026-10-02 14:31:07.119,infinity
116,698,2026-09-15,3.48714725423666,"0d41a44498814111bcce69d60f7a823a",16,Linx,2026-10-02 14:31:07.119,infinity
117,698,2026-09-14,3.50818544218652,"0d41a44498814111bcce69d60f7a823a",15,Linx,2026-10-02 14:31:07.119,infinity
118,698,2026-09-11,3.48923499159237,"0d41a44498814111bcce69d60f7a823a",14,Linx,2026-10-02 14:31:07.119,infinity
119,698,2026-09-10,3.50125420588641,"0d41a44498814111bcce69d60f7a823a",13,Linx,2026-10-02 14:31:07.119,infinity
120,698,2026-09-09,3.43843669434323,"0d41a44498814111bcce69d60f7a823a",12,Linx,2026-10-02 14:31:07.119,infinity
121,698,2026-09-08,3.41527763381845,"0d41a44498814111bcce69d60f7a823a",11,Linx,2026-10-02 14:31:07.119,infinity
122,698,2026-09-07,3.43241542205288,"0d41a44498814111bcce69d60f7a823a",10,Linx,2026-10-02 14:31:07.119,infinity
123,698,2026-09-04,3.40828485077192,"0d41a44498814111bcce69d60f7a823a",9,Linx,2026-10-02 14:31:07.119,infinity
124,698,2026-09-03,3.42893840974947,"0d41a44498814111bcce69d60f7a823a",8,Linx,2026-10-02 14:31:07.119,infinity
125,698,2026-09-02,3.46366089981396,"0d41a44498814111bcce69d60f7a823a",7,Linx,2026-10-02 14:31:07.119,infinity
126,698,2026-09-01,3.41827668483769,"0d41a44498814111bcce69d60f7a823a",6,Linx,2026-10-02 14:31:07.119,infinity
127,699,2026-09-29,3.42884639316065,"0d41a44498814111bcce69d60f7a823a",26,Linx,2026-10-02 14:31:07.119,infinity
128,699,2026-09-28,3.47628452300920,"0d41a44498814111bcce69d60f7a823a",25,Linx,2026-10-02 14:31:07.119,infinity
129,699,2026-09-25,3.44072014102443,"0d41a44498814111bcce69d60f7a823a",24,Linx,2026-10-02 14:31:07.119,infinity
130,699,2026-09-24,3.48640065159062,"0d41a44498814111bcce69d60f7a823a",23,Linx,2026-10-02 14:31:07.119,infinity
131,699,2026-09-23,3.43195617306125,"0d41a44498814111bcce69d60f7a823a",22,Linx,2026-10-02 14:31:07.119,infinity
132,699,2026-09-22,3.38562106458261,"0d41a44498814111bcce69d60f7a823a",21,Linx,2026-10-02 14:31:07.119,infinity
133,699,2026-09-21,3.41014349490210,"0d41a44498814111bcce69d60f7a823a",20,Linx,2026-10-02 14:31:07.119,infinity
134,699,2026-09-18,3.47240886755557,"0d41a44498814111bcce69d60f7a823a",19,Linx,2026-10-02 14:31:07.119,infinity
135,699,2026-09-17,3.42619776339390,"0d41a44498814111bcce69d60f7a823a",18,Linx,2026-10-02 14:31:07.119,infinity
136,699,2026-09-16,3.43118068340708,"0d41a44498814111bcce69d60f7a823a",17,Linx,2026-10-02 14:31:07.119,infinity
137,699,2026-09-15,3.46511018163634,"0d41a44498814111bcce69d60f7a823a",16,Linx,2026-10-02 14:31:07.119,infinity
138,699,2026-09-14,3.48411001840445,"0d41a44498814111bcce69d60f7a823a",15,Linx,2026-10-02 14:31:07.119,infinity
139,699,2026-09-11,3.46642680654800,"0d41a44498814111bcce69d60f7a823a",14,Linx,2026-10-02 14:31:07.120,infinity
140,699,2026-09-10,3.47775771567954,"0d41a44498814111bcce69d60f7a823a",13,Linx,2026-10-02 14:31:07.120,infinity
141,699,2026-09-09,3.41588841864704,"0d41a44498814111bcce69d60f7a823a",12,Linx,2026-10-02 14:31:07.120,infinity
142,699,2026-09-08,3.39419811306793,"0d41a44498814111bcce69d60f7a823a",11,Linx,2026-10-02 14:31:07.120,infinity
143,699,2026-09-07,3.41144975341057,"0d41a44498814111bcce69d60f7a823a",10,Linx,2026-10-02 14:31:07.120,infinity
144,699,2026-09-04,3.38849652908224,"0d41a44498814111bcce69d60f7a823a",9,Linx,2026-10-02 14:31:07.120,infinity
145,699,2026-09-03,3.40854626605187,"0d41a44498814111bcce69d60f7a823a",8,Linx,2026-10-02 14:31:07.120,infinity
146,699,2026-09-02,3.44213685518334,"0d41a44498814111bcce69d60f7a823a",7,Linx,2026-10-02 14:31:07.120,infinity
147,699,2026-09-01,3.39720307184807,"0d41a44498814111bcce69d60f7a823a",6,Linx,2026-10-02 14:31:07.120,infinity
148,700,2026-09-29,3.40942955971401,"0d41a44498814111bcce69d60f7a823a",26,Linx,2026-10-02 14:31:07.120,infinity
149,700,2026-09-28,3.45518643888270,"0d41a44498814111bcce69d60f7a823a",25,Linx,2026-10-02 14:31:07.120,infinity
150,700,2026-09-25,3.42109015389435,"0d41a44498814111bcce69d60f7a823a",24,Linx,2026-10-02 14:31:07.120,infinity
151,700,2026-09-24,3.46546314487041,"0d41a44498814111bcce69d60f7a823a",23,Linx,2026-10-02 14:31:07.120,infinity
152,700,2026-09-23,3.41190820637197,"0d41a44498814111bcce69d60f7a823a",22,Linx,2026-10-02 14:31:07.120,infinity
153,700,2026-09-22,3.36724228053835,"0d41a44498814111bcce69d60f7a823a",21,Linx,2026-10-02 14:31:07.120,infinity
154,700,2026-09-21,3.39085010291813,"0d41a44498814111bcce69d60f7a823a",20,Linx,2026-10-02 14:31:07.120,infinity
155,700,2026-09-18,3.45084409455779,"0d41a44498814111bcce69d60f7a823a",19,Linx,2026-10-02 14:31:07.120,infinity
156,700,2026-09-17,3.40581787027074,"0d41a44498814111bcce69d60f7a823a",18,Linx,2026-10-02 14:31:07.120,infinity
157,700,2026-09-16,3.40972069926387,"0d41a44498814111bcce69d60f7a823a",17,Linx,2026-10-02 14:31:07.120,infinity
158,700,2026-09-15,3.44363359466905,"0d41a44498814111bcce69d60f7a823a",16,Linx,2026-10-02 14:31:07.120,infinity
159,700,2026-09-14,3.46065046338895,"0d41a44498814111bcce69d60f7a823a",15,Linx,2026-10-02 14:31:07.120,infinity
160,700,2026-09-11,3.44417847561914,"0d41a44498814111bcce69d60f7a823a",14,Linx,2026-10-02 14:31:07.120,infinity
161,700,2026-09-10,3.45486504292739,"0d41a44498814111bcce69d60f7a823a",13,Linx,2026-10-02 14:31:07.120,infinity
162,700,2026-09-09,3.39393195762123,"0d41a44498814111bcce69d60f7a823a",12,Linx,2026-10-02 14:31:07.120,infinity
163,700,2026-09-08,3.37365003592048,"0d41a44498814111bcce69d60f7a823a",11,Linx,2026-10-02 14:31:07.120,infinity
164,700,2026-09-07,3.39098192570846,"0d41a44498814111bcce69d60f7a823a",10,Linx,2026-10-02 14:31:07.120,infinity
165,700,2026-09-04,3.36912470358852,"0d41a44498814111bcce69d60f7a823a",9,Linx,2026-10-02 14:31:07.120,infinity
166,700,2026-09-03,3.38860001104424,"0d41a44498814111bcce69d60f7a823a",8,Linx,2026-10-02 14:31:07.120,infinity
167,700,2026-09-02,3.42107011763175,"0d41a44498814111bcce69d60f7a823a",7,Linx,2026-10-02 14:31:07.120,infinity
168,700,2026-09-01,3.37659708687116,"0d41a44498814111bcce69d60f7a823a",6,Linx,2026-10-02 14:31:07.120,infinity
169,701,2026-09-29,3.39053460436064,"0d41a44498814111bcce69d60f7a823a",26,Linx,2026-10-02 14:31:07.120,infinity
170,701,2026-09-28,3.43472134785118,"0d41a44498814111bcce69d60f7a823a",25,Linx,2026-10-02 14:31:07.120,infinity
171,701,2026-09-25,3.40218445038006,"0d41a44498814111bcce69d60f7a823a",24,Linx,2026-10-02 14:31:07.120,infinity
172,701,2026-09-24,3.44522546095196,"0d41a44498814111bcce69d60f7a823a",23,Linx,2026-10-02 14:31:07.120,infinity
173,701,2026-09-23,3.39254437128318,"0d41a44498814111bcce69d60f7a823a",22,Linx,2026-10-02 14:31:07.120,infinity
174,701,2026-09-22,3.34949299701885,"0d41a44498814111bcce69d60f7a823a",21,Linx,2026-10-02 14:31:07.120,infinity
175,701,2026-09-21,3.37219754023567,"0d41a44498814111bcce69d60f7a823a",20,Linx,2026-10-02 14:31:07.120,infinity
176,701,2026-09-18,3.43000911297676,"0d41a44498814111bcce69d60f7a823a",19,Linx,2026-10-02 14:31:07.120,infinity
177,701,2026-09-17,3.38608640572321,"0d41a44498814111bcce69d60f7a823a",18,Linx,2026-10-02 14:31:07.120,infinity
178,701,2026-09-16,3.38892096144178,"0d41a44498814111bcce69d60f7a823a",17,Linx,2026-10-02 14:31:07.120,infinity
179,701,2026-09-15,3.42271394120248,"0d41a44498814111bcce69d60f7a823a",16,Linx,2026-10-02 14:31:07.120,infinity
180,701,2026-09-14,3.43780962566277,"0d41a44498814111bcce69d60f7a823a",15,Linx,2026-10-02 14:31:07.120,infinity
181,701,2026-09-11,3.42249300397142,"0d41a44498814111bcce69d60f7a823a",14,Linx,2026-10-02 14:31:07.120,infinity
182,701,2026-09-10,3.43257083304122,"0d41a44498814111bcce69d60f7a823a",13,Linx,2026-10-02 14:31:07.121,infinity
183,701,2026-09-09,3.37256939218794,"0d41a44498814111bcce69d60f7a823a",12,Linx,2026-10-02 14:31:07.121,infinity
184,701,2026-09-08,3.35363474172187,"0d41a44498814111bcce69d60f7a823a",11,Linx,2026-10-02 14:31:07.121,infinity
185,701,2026-09-07,3.37101851203223,"0d41a44498814111bcce69d60f7a823a",10,Linx,2026-10-02 14:31:07.121,infinity
186,701,2026-09-04,3.35017746751572,"0d41a44498814111bcce69d60f7a823a",9,Linx,2026-10-02 14:31:07.121,infinity
187,701,2026-09-03,3.36910616739255,"0d41a44498814111bcce69d60f7a823a",8,Linx,2026-10-02 14:31:07.121,infinity
188,701,2026-09-02,3.40047068002800,"0d41a44498814111bcce69d60f7a823a",7,Linx,2026-10-02 14:31:07.121,infinity
189,701,2026-09-01,3.35647043025211,"0d41a44498814111bcce69d60f7a823a",6,Linx,2026-10-02 14:31:07.121,infinity
190,702,2026-09-29,3.37214128045467,"0d41a44498814111bcce69d60f7a823a",26,Linx,2026-10-02 14:31:07.121,infinity
191,702,2026-09-28,3.41486316714575,"0d41a44498814111bcce69d60f7a823a",25,Linx,2026-10-02 14:31:07.121,infinity
192,702,2026-09-25,3.38397040685146,"0d41a44498814111bcce69d60f7a823a",24,Linx,2026-10-02 14:31:07.121,infinity
193,702,2026-09-24,3.42564727358890,"0d41a44498814111bcce69d60f7a823a",23,Linx,2026-10-02 14:31:07.121,infinity
194,702,2026-09-23,3.37382072154859,"0d41a44498814111bcce69d60f7a823a",22,Linx,2026-10-02 14:31:07.121,infinity
195,702,2026-09-22,3.33232846859315,"0d41a44498814111bcce69d60f7a823a",21,Linx,2026-10-02 14:31:07.121,infinity
196,702,2026-09-21,3.35414519146786,"0d41a44498814111bcce69d60f7a823a",20,Linx,2026-10-02 14:31:07.121,infinity
197,702,2026-09-18,3.40986543500693,"0d41a44498814111bcce69d60f7a823a",19,Linx,2026-10-02 14:31:07.121,infinity
198,702,2026-09-17,3.36697794116135,"0d41a44498814111bcce69d60f7a823a",18,Linx,2026-10-02 14:31:07.121,infinity
199,702,2026-09-16,3.36876821442417,"0d41a44498814111bcce69d60f7a823a",17,Linx,2026-10-02 14:31:07.121,infinity
200,702,2026-09-15,3.40234624916800,"0d41a44498814111bcce69d60f7a823a",16,Linx,2026-10-02 14:31:07.121,infinity
